{
    "mean_fidelity": 0.9995433404253308,
    "mean_trace_distance": 0.00806317379266413,
    "avg_inference_time_sec": 0.0003932516574859619
}