n_qubits,dim,avg_fidelity,avg_time_sec
1,2,0.40963818915267486,7.853507995605468e-05
2,4,0.1737304576876895,4.4393539428710935e-05
3,8,0.1322373779396923,4.1866302490234374e-05
